{
  "c0": {
    "pair": [
      "ABP_0891",
      "ABP_0649"
    ],
    "distance": 0.19537086192316666
  },
  "c1": {
    "pair": [
      "ABP_0785",
      "ABP_0332"
    ],
    "distance": 0.10715615252957722
  },
  "c2": {
    "pair": [
      "ABP_0264",
      "ABP_0604"
    ],
    "distance": 0.07026306282896433
  },
  "c3": {
    "pair": [
      "ABP_0180",
      "ABP_0259"
    ],
    "distance": 0.13793224055592146
  },
  "c4": {
    "pair": [
      "PPG_0263",
      "PPG_0479"
    ],
    "distance": 0.05175516785476597
  },
  "c5": {
    "pair": [
      "PPG_0427",
      "PPG_0135"
    ],
    "distance": 0.045155782664724975
  },
  "c6": {
    "pair": [
      "ECG_0136",
      "ECG_0335"
    ],
    "distance": 0.08199562529050253
  },
  "c7": {
    "pair": [
      "ECG_0068",
      "ECG_0672"
    ],
    "distance": 0.19395108802742045
  },
  "c8": {
    "pair": [
      "ECG_0063",
      "ECG_0076"
    ],
    "distance": 0.08872593699786324
  },
  "c9": {
    "pair": [
      "ECG_0283",
      "ECG_0351"
    ],
    "distance": 0.10286602956201185
  },
  "c10": {
    "pair": [
      "ECG_0478",
      "ECG_0588"
    ],
    "distance": 0.03518865336297883
  },
  "c11": {
    "pair": [
      "PPG_0855",
      "PPG_0697"
    ],
    "distance": 0.16105718679019287
  },
  "c12": {
    "pair": [
      "PPG_0745",
      "PPG_0904"
    ],
    "distance": 0.09494389177814977
  },
  "c13": {
    "pair": [
      "PPG_0069",
      "PPG_0651"
    ],
    "distance": 0.055883191610339056
  },
  "c14": {
    "pair": [
      "ABP_0246",
      "ABP_0686"
    ],
    "distance": 0.03850127235414336
  },
  "c15": {
    "pair": [
      "ABP_0443",
      "ABP_0171"
    ],
    "distance": 0.14211073896063764
  },
  "c16": {
    "pair": [
      "ECG_0034",
      "ECG_0028"
    ],
    "distance": 0.06002397992241959
  },
  "c17": {
    "pair": [
      "ABP_0841",
      "ABP_0207"
    ],
    "distance": 0.04687050886538535
  },
  "c18": {
    "pair": [
      "ECG_0560",
      "ECG_0439"
    ],
    "distance": 0.08160539538644096
  },
  "c19": {
    "pair": [
      "ABP_0622",
      "ABP_0665"
    ],
    "distance": 0.09283117165091082
  },
  "c20": {
    "pair": [
      "ABP_0631",
      "ABP_0980"
    ],
    "distance": 0.053271169019867726
  },
  "c21": {
    "pair": [
      "ABP_0698",
      "ABP_0103"
    ],
    "distance": 0.08543826636589402
  },
  "c22": {
    "pair": [
      "ECG_0415",
      "ECG_0275"
    ],
    "distance": 0.10809762581063931
  },
  "c23": {
    "pair": [
      "ECG_0913",
      "ECG_0323"
    ],
    "distance": 0.11441097930918187
  },
  "c24": {
    "pair": [
      "ABP_0512",
      "ABP_0402"
    ],
    "distance": 0.0777730877471915
  },
  "c25": {
    "pair": [
      "ECG_0907",
      "ECG_0508"
    ],
    "distance": 0.13701403006655788
  },
  "c26": {
    "pair": [
      "ABP_0864",
      "ABP_0607"
    ],
    "distance": 0.172196846018575
  },
  "c27": {
    "pair": [
      "PPG_0507",
      "ABP_0987"
    ],
    "distance": 0.2729228104567998
  },
  "c28": {
    "pair": [
      "PPG_0828",
      "PPG_0254"
    ],
    "distance": 0.05773778846937638
  },
  "c29": {
    "pair": [
      "ABP_0971",
      "ABP_0271"
    ],
    "distance": 0.07037608068579693
  },
  "c30": {
    "pair": [
      "ECG_0294",
      "ECG_0032"
    ],
    "distance": 0.0915769242422736
  },
  "c31": {
    "pair": [
      "ECG_0379",
      "ECG_0559"
    ],
    "distance": 0.093825069519899
  }
}