{
  "c0": {
    "pair": [
      "ECG_0279",
      "ECG_0821"
    ],
    "distance": 0.06929108746843549
  },
  "c1": {
    "pair": [
      "ECG_0827",
      "ECG_0872"
    ],
    "distance": 0.27507549484717075
  },
  "c2": {
    "pair": [
      "ECG_0076",
      "ABP_0009"
    ],
    "distance": 0.37583399981450716
  },
  "c3": {
    "pair": [
      "ABP_0252",
      "ABP_0049"
    ],
    "distance": 0.1690167218443479
  },
  "c4": {
    "pair": [
      "ECG_0988",
      "ECG_0439"
    ],
    "distance": 0.2724470878132398
  },
  "c5": {
    "pair": [
      "ECG_0237",
      "ECG_0063"
    ],
    "distance": 0.09842813122530569
  },
  "c6": {
    "pair": [
      "ECG_0379",
      "ECG_0419"
    ],
    "distance": 0.10624030596828304
  },
  "c7": {
    "pair": [
      "ECG_0723",
      "ECG_0687"
    ],
    "distance": 0.08964022488811374
  },
  "c8": {
    "pair": [
      "PPG_0834",
      "PPG_0548"
    ],
    "distance": 0.11384691410413128
  },
  "c9": {
    "pair": [
      "ECG_0351",
      "ECG_0966"
    ],
    "distance": 0.11587231958580302
  },
  "c10": {
    "pair": [
      "ABP_0456",
      "ABP_0983"
    ],
    "distance": 0.17673747666877293
  },
  "c11": {
    "pair": [
      "PPG_0592",
      "ECG_0099"
    ],
    "distance": 0.3694501806568782
  },
  "c12": {
    "pair": [
      "PPG_0697",
      "PPG_0339"
    ],
    "distance": 0.1875087526470125
  },
  "c13": {
    "pair": [
      "ABP_0246",
      "ABP_0686"
    ],
    "distance": 0.03850127235414336
  },
  "c14": {
    "pair": [
      "ECG_0209",
      "ECG_0300"
    ],
    "distance": 0.19796233161385346
  },
  "c15": {
    "pair": [
      "ECG_0951",
      "ECG_0559"
    ],
    "distance": 0.13187276390016378
  },
  "c16": {
    "pair": [
      "ECG_0928",
      "ECG_0835"
    ],
    "distance": 0.12312442547632352
  },
  "c17": {
    "pair": [
      "ECG_0281",
      "ECG_0846"
    ],
    "distance": 0.07573193266641476
  },
  "c18": {
    "pair": [
      "ECG_0325",
      "ECG_0522"
    ],
    "distance": 0.07423142983980568
  },
  "c19": {
    "pair": [
      "ECG_0034",
      "ECG_0028"
    ],
    "distance": 0.06002397992241959
  },
  "c20": {
    "pair": [
      "PPG_0538",
      "PPG_0141"
    ],
    "distance": 0.14597895091029678
  },
  "c21": {
    "pair": [
      "ABP_0382",
      "ABP_0830"
    ],
    "distance": 0.4315904101645791
  },
  "c22": {
    "pair": [
      "ECG_0241",
      "ECG_0621"
    ],
    "distance": 0.13819378947237648
  },
  "c23": {
    "pair": [
      "PPG_0652",
      "PPG_0137"
    ],
    "distance": 0.1884650240363096
  },
  "c24": {
    "pair": [
      "PPG_0213",
      "PPG_0590"
    ],
    "distance": 0.10863322011428989
  },
  "c25": {
    "pair": [
      "PPG_0493",
      "PPG_0903"
    ],
    "distance": 0.27478134954484756
  },
  "c26": {
    "pair": [
      "ECG_0490",
      "ECG_0836"
    ],
    "distance": 0.13036160259863616
  },
  "c27": {
    "pair": [
      "ECG_0603",
      "ECG_0089"
    ],
    "distance": 0.14288366380982953
  },
  "c28": {
    "pair": [
      "PPG_0394",
      "ARR_0934"
    ],
    "distance": 0.5654326608262021
  },
  "c29": {
    "pair": [
      "PPG_0163",
      "PPG_0786"
    ],
    "distance": 0.3435566406928706
  },
  "c30": {
    "pair": [
      "ECG_0870",
      "ECG_0068"
    ],
    "distance": 0.14212061742631643
  },
  "c31": {
    "pair": [
      "ECG_0729",
      "ECG_0878"
    ],
    "distance": 0.10620722805555416
  },
  "c32": {
    "pair": [
      "ECG_0056",
      "ECG_0954"
    ],
    "distance": 0.05160647968894827
  },
  "c33": {
    "pair": [
      "ECG_0753",
      "ECG_0993"
    ],
    "distance": 0.20124508086515291
  },
  "c34": {
    "pair": [
      "PPG_0129",
      "PPG_0389"
    ],
    "distance": 0.08575852632809489
  },
  "c35": {
    "pair": [
      "ECG_0203",
      "ECG_0070"
    ],
    "distance": 0.2442822135188636
  },
  "c36": {
    "pair": [
      "ABP_0532",
      "ABP_0980"
    ],
    "distance": 0.1570370193120154
  },
  "c37": {
    "pair": [
      "ECG_0337",
      "ECG_0713"
    ],
    "distance": 0.09133468648441756
  },
  "c38": {
    "pair": [
      "PPG_0427",
      "PPG_0135"
    ],
    "distance": 0.045155782664724975
  },
  "c39": {
    "pair": [
      "ABP_0120",
      "ABP_0698"
    ],
    "distance": 0.13099542661159713
  },
  "c40": {
    "pair": [
      "ABP_0998",
      "ABP_0649"
    ],
    "distance": 0.07944135078783976
  },
  "c41": {
    "pair": [
      "ABP_0740",
      "ABP_0176"
    ],
    "distance": 0.18999349872493299
  },
  "c42": {
    "pair": [
      "ARR_0370",
      "ARR_0599"
    ],
    "distance": 0.36688813602715464
  },
  "c43": {
    "pair": [
      "PPG_0778",
      "PPG_0849"
    ],
    "distance": 0.10004701866611054
  },
  "c44": {
    "pair": [
      "ABP_0264",
      "ABP_0604"
    ],
    "distance": 0.07026306282896433
  },
  "c45": {
    "pair": [
      "PPG_0248",
      "PPG_0401"
    ],
    "distance": 0.12099455312361151
  },
  "c46": {
    "pair": [
      "PPG_0306",
      "PPG_0737"
    ],
    "distance": 0.08254932079294186
  },
  "c47": {
    "pair": [
      "ABP_0785",
      "ABP_0058"
    ],
    "distance": 0.19671747811420393
  },
  "c48": {
    "pair": [
      "PPG_0263",
      "PPG_0479"
    ],
    "distance": 0.05175516785476597
  },
  "c49": {
    "pair": [
      "ECG_0478",
      "ECG_0588"
    ],
    "distance": 0.03518865336297883
  },
  "c50": {
    "pair": [
      "PPG_0010",
      "PPG_0491"
    ],
    "distance": 0.09667359406328757
  },
  "c51": {
    "pair": [
      "ABP_0469",
      "ABP_0268"
    ],
    "distance": 0.16532747675087012
  },
  "c52": {
    "pair": [
      "PPG_0828",
      "PPG_0254"
    ],
    "distance": 0.05773778846937638
  },
  "c53": {
    "pair": [
      "ABP_0191",
      "ABP_0802"
    ],
    "distance": 0.24266419879226553
  },
  "c54": {
    "pair": [
      "PPG_0745",
      "PPG_0543"
    ],
    "distance": 0.057144358473425694
  },
  "c55": {
    "pair": [
      "ECG_0077",
      "ECG_0249"
    ],
    "distance": 0.08200829646162122
  },
  "c56": {
    "pair": [
      "PPG_0638",
      "PPG_0486"
    ],
    "distance": 0.1138393117032519
  },
  "c57": {
    "pair": [
      "ABP_0526",
      "ABP_0358"
    ],
    "distance": 0.25208537363362316
  },
  "c58": {
    "pair": [
      "PPG_0936",
      "PPG_0468"
    ],
    "distance": 0.11718551406375965
  },
  "c59": {
    "pair": [
      "ECG_0508",
      "ECG_0816"
    ],
    "distance": 0.2081399184387287
  },
  "c60": {
    "pair": [
      "PPG_0549",
      "PPG_0366"
    ],
    "distance": 0.08041127944691862
  },
  "c61": {
    "pair": [
      "ECG_0275",
      "ECG_0415"
    ],
    "distance": 0.10809762581063931
  },
  "c62": {
    "pair": [
      "ABP_0841",
      "ABP_0207"
    ],
    "distance": 0.04687050886538535
  },
  "c63": {
    "pair": [
      "ECG_0900",
      "PPG_0436"
    ],
    "distance": 0.26191760953069787
  }
}